Real,Predicho
8,-5.495844875346279
7,31.894736842105203
